{
   "DMC(디지털미디어시티)":[
      37.576074441580566,
      126.90167052373366
   ],
   "가로수길":[
      37.5208098597988,
      127.02296356726902
   ],
   "가산디지털단지역":[
      37.48151051081187,
      126.88265888488709
   ],
   "강남 MICE 관광특구":[
      37.511178880902044,
      127.05952228515162
   ],
   "강남역":[
      37.49798192509509,
      127.02755354445308
   ],
   "건대입구역":[
      37.540839990937776,
      127.06765880158264
   ],
   "경복궁·서촌마을":[
      37.580238376195226,
      126.9709670718529
   ],
   "고속터미널역":[
      37.5049902701157,
      127.00668404146434
   ],
   "광화문·덕수궁":[
      37.57284267817116,
      126.97771098371271
   ],
   "교대역":[
      37.49142045051981,
      127.0141911239256
   ],
   "구로디지털단지역":[
      37.48278441387091,
      126.90124455119184
   ],
   "국립중앙박물관·용산가족공원":[
      37.52044110709711,
      126.98071861681541
   ],
   "낙산공원·이화마을":[
      37.5775521895422,
      127.00826975719349
   ],
   "남산공원":[
      37.55088278451115,
      126.9930572378822
   ],
   "노량진":[
      37.5139856891695,
      126.9506441384335
   ],
   "동대문 관광특구":[
      37.56702385747028,
      127.01080406862651
   ],
   "뚝섬한강공원":[
      37.53009842959042,
      127.07045484651447
   ],
   "망원한강공원":[
      37.55308283559846,
      126.90386793927685
   ],
   "명동 관광특구":[
      37.56410830485494,
      126.9823146157484
   ],
   "반포한강공원":[
      37.51093246104197,
      126.99455394063375
   ],
   "북서울꿈의숲":[
      37.62209914410204,
      127.0415999941422
   ],
   "북촌한옥마을":[
      37.58224598551139,
      126.98740495216873
   ],
   "서울대공원":[
      37.433508171602604,
      127.01184694982834
   ],
   "서울숲공원":[
      37.544020620020966,
      127.03690585589155
   ],
   "서울역":[
      37.55652012298654,
      126.97288893348286
   ],
   "선릉역":[
      37.504754766804325,
      127.04966645506673
   ],
   "성수카페거리":[
      37.54451744937703,
      127.0564596000463
   ],
   "수유리 먹자골목":[
      37.64051971456238,
      127.02623514391327
   ],
   "신도림역":[
      37.50793620752115,
      126.891213250155
   ],
   "신림역":[
      37.48442227020349,
      126.93001771903971
   ],
   "신촌·이대역":[
      37.55674194936796,
      126.93941159706851
   ],
   "쌍문동 맛집거리":[
      37.64774352596933,
      127.03433958229118
   ],
   "압구정로데오거리":[
      37.52425644080399,
      127.03915864218453
   ],
   "여의도":[
      37.524708049563266,
      126.92564734549684
   ],
   "역삼역":[
      37.50091992556644,
      127.04066187132385
   ],
   "연신내역":[
      37.61897169750732,
      126.92110774535556
   ],
   "영등포 타임스퀘어":[
      37.517643250247545,
      126.90543483325098
   ],
   "왕십리역":[
      37.56095889865071,
      127.03842518476365
   ],
   "용산역":[
      37.53114869214157,
      126.95961587924036
   ],
   "월드컵공원":[
      37.56768153354811,
      126.88645159863465
   ],
   "이촌한강공원":[
      37.51842961271633,
      126.9699164202312
   ],
   "이태원 관광특구":[
      37.534831649124136,
      126.99724498748229
   ],
   "인사동·익선동":[
      37.572979094351176,
      126.98594057448837
   ],
   "잠실 관광특구":[
      37.51627166734911,
      127.1123449761357
   ],
   "잠실종합운동장":[
      37.514445948282926,
      127.07383912686271
   ],
   "잠실한강공원":[
      37.51834603891631,
      127.08875182621864
   ],
   "종로·청계 관광특구":[
      37.57065975916507,
      126.99490616320446
   ],
   "창덕궁·종묘":[
      37.57731812585061,
      126.99526797030991
   ],
   "창동 신경제 중심지":[
      37.65696415135618,
      127.05937215373292
   ],
   "홍대 관광특구":[
      37.55528552971541,
      126.92184831226136
   ]
}